{"mean":{"confidence_interval":{"confidence_level":0.95,"lower_bound":0.04777564964986171,"upper_bound":0.05646020903846199},"point_estimate":0.05221467531315316,"standard_error":0.0022830665286780994},"median":{"confidence_interval":{"confidence_level":0.95,"lower_bound":0.026122185347988935,"upper_bound":0.03075927864681792},"point_estimate":0.02804165352876775,"standard_error":0.001278418667636231}}