{"mean":{"confidence_interval":{"confidence_level":0.95,"lower_bound":155138485.02325,"upper_bound":155610065.143625},"point_estimate":155367854.962,"standard_error":120446.91528057445},"median":{"confidence_interval":{"confidence_level":0.95,"lower_bound":153599208.5,"upper_bound":153990499.5},"point_estimate":153737750.0,"standard_error":107618.1522038306},"median_abs_dev":{"confidence_interval":{"confidence_level":0.95,"lower_bound":1350925.8222162724,"upper_bound":1879750.7373927534},"point_estimate":1548545.2792078257,"standard_error":139032.20884734974},"slope":null,"std_dev":{"confidence_interval":{"confidence_level":0.95,"lower_bound":3309680.808228757,"upper_bound":4351748.4418132985},"point_estimate":3811697.301637637,"standard_error":265980.36162263795}}