{"mean":{"confidence_interval":{"confidence_level":0.95,"lower_bound":7.422094829881109,"upper_bound":7.4622603754623285},"point_estimate":7.441804202261615,"standard_error":0.010270315026514286},"median":{"confidence_interval":{"confidence_level":0.95,"lower_bound":7.444715790087907,"upper_bound":7.475571931369871},"point_estimate":7.457648566429292,"standard_error":0.00800665918428971}}