{"mean":{"confidence_interval":{"confidence_level":0.95,"lower_bound":-0.003535251593805652,"upper_bound":-0.0011416768139892453},"point_estimate":-0.002339530338228424,"standard_error":0.0006113031880191886},"median":{"confidence_interval":{"confidence_level":0.95,"lower_bound":-0.0012243442558706598,"upper_bound":-0.0006400520599800785},"point_estimate":-0.0009281737566917414,"standard_error":0.00014844455873493957}}