{"mean":{"confidence_interval":{"confidence_level":0.95,"lower_bound":6.896572379311027,"upper_bound":6.968816879565112},"point_estimate":6.933674542787329,"standard_error":0.01837611220838197},"median":{"confidence_interval":{"confidence_level":0.95,"lower_bound":6.951245732190811,"upper_bound":7.033493498731316},"point_estimate":6.993877371949654,"standard_error":0.019334847128830095}}