{"mean":{"confidence_interval":{"confidence_level":0.95,"lower_bound":0.04206965361847017,"upper_bound":0.0535244080991193},"point_estimate":0.04778791936029059,"standard_error":0.0029073820811501725},"median":{"confidence_interval":{"confidence_level":0.95,"lower_bound":0.046209348095750835,"upper_bound":0.05793961491743992},"point_estimate":0.051291005400381895,"standard_error":0.0030026835787015736}}