{"mean":{"confidence_interval":{"confidence_level":0.95,"lower_bound":158025671.700925,"upper_bound":158515353.783625},"point_estimate":158265971.768,"standard_error":125333.22166463961},"median":{"confidence_interval":{"confidence_level":0.95,"lower_bound":156884250.0,"upper_bound":157361542.0},"point_estimate":157076333.0,"standard_error":123271.26880931034},"median_abs_dev":{"confidence_interval":{"confidence_level":0.95,"lower_bound":2324346.0531371087,"upper_bound":2900399.9873726065},"point_estimate":2590719.656905532,"standard_error":150479.8734368056},"slope":null,"std_dev":{"confidence_interval":{"confidence_level":0.95,"lower_bound":3522984.9611536483,"upper_bound":4417147.732643402},"point_estimate":3963250.5542321233,"standard_error":228113.36291259283}}