{"mean":{"confidence_interval":{"confidence_level":0.95,"lower_bound":7.020960776296369,"upper_bound":7.162497524935086},"point_estimate":7.08356507009465,"standard_error":0.03673418902356413},"median":{"confidence_interval":{"confidence_level":0.95,"lower_bound":7.065731356119851,"upper_bound":7.190662957095199},"point_estimate":7.136243507209837,"standard_error":0.031661951152628945}}